Sample_ID,Pseudotime,State,Cluster,Tissue_Type
TCGA-44-6775-01C,0.0,1,4.0,Tumor
TCGA-44-6147-01B,0.22699861592849,1,4.0,Tumor
TCGA-44-6146-01B,1.23642193210459,1,2.0,Tumor
TCGA-44-5645-01B,1.37789804332758,1,4.0,Tumor
TCGA-44-2656-01B,2.33812564894524,1,4.0,Tumor
TCGA-44-2665-01B,2.71936453772013,1,4.0,Tumor
TCGA-44-3918-01B,3.6912024282235,1,4.0,Tumor
TCGA-44-4112-01B,3.78461229538534,1,4.0,Tumor
TCGA-44-3917-01B,4.21879823997135,1,4.0,Tumor
TCGA-44-2666-01B,5.90697892534853,1,4.0,Tumor
TCGA-55-7815-01A,8.44804150082478,1,4.0,Tumor
TCGA-55-7724-01A,10.6735996954524,1,5.0,Tumor
TCGA-55-7727-01A,11.7531093728903,1,4.0,Tumor
TCGA-55-7725-01A,11.775585571653,1,4.0,Tumor
TCGA-44-3917-01A,12.2950510661693,1,2.0,Tumor
TCGA-44-3918-01A,12.6576762707754,1,2.0,Tumor
TCGA-44-2656-01A,12.8565724798615,1,2.0,Tumor
TCGA-78-7155-01A,13.209717558849,1,1.0,Tumor
TCGA-44-2665-01A,13.2599572433797,1,2.0,Tumor
TCGA-55-7726-01A,13.7591922818804,1,3.0,Tumor
TCGA-62-A46O-01A,14.1253523920498,1,2.0,Tumor
TCGA-05-4427-01A,14.295347572524,1,2.0,Tumor
TCGA-86-7701-01A,14.6028775194862,1,2.0,Tumor
TCGA-44-7669-01A,14.6073671318962,1,2.0,Tumor
TCGA-44-4112-01A,14.6395330489526,1,2.0,Tumor
TCGA-55-A4DF-01A,14.9181178045643,1,2.0,Tumor
TCGA-91-6829-01A,15.6116944036741,1,2.0,Tumor
TCGA-53-7813-01A,15.9692375779573,1,5.0,Tumor
TCGA-64-5779-01A,16.4221206275223,1,4.0,Tumor
TCGA-44-A479-01A,16.528601168078,1,2.0,Tumor
TCGA-55-6978-01A,17.308824487241,1,1.0,Tumor
TCGA-50-5066-02A,17.3405442695423,1,1.0,Tumor
TCGA-44-2668-01A,19.2721189104766,1,1.0,Tumor
TCGA-55-6970-01A,19.4002382943971,1,1.0,Tumor
TCGA-86-7713-01A,20.265080666521,1,1.0,Tumor
TCGA-55-7994-01A,20.3071774335237,1,1.0,Tumor
TCGA-50-5933-01A,20.8773979932593,1,2.0,Tumor
TCGA-50-6592-01A,21.762054836355,1,2.0,Tumor
TCGA-49-6743-01A,21.8408175065342,1,2.0,Tumor
TCGA-83-5908-01A,22.1088380009701,1,1.0,Tumor
TCGA-05-4424-01A,23.1377678623118,1,2.0,Tumor
TCGA-49-6745-01A,23.8844795023954,1,1.0,Tumor
TCGA-55-8089-01A,24.2595330650127,1,2.0,Tumor
TCGA-MP-A4TF-01A,24.550100022812,1,2.0,Tumor
TCGA-44-7661-01A,26.6753169016697,2,1.0,Tumor
TCGA-95-7947-01A,26.7012838014978,2,2.0,Tumor
TCGA-91-6840-01A,26.8446517662376,2,1.0,Tumor
TCGA-69-A59K-01A,26.9080499250589,2,2.0,Tumor
TCGA-62-A472-01A,26.929451242769,2,3.0,Tumor
TCGA-86-8074-01A,26.9943342060118,2,1.0,Tumor
TCGA-55-7911-01A,27.0129031013411,2,2.0,Tumor
TCGA-50-5936-01A,27.3914690132847,2,2.0,Tumor
TCGA-62-A46R-01A,27.8598481399116,2,5.0,Tumor
TCGA-97-7937-01A,27.894471712409,7,4.0,Tumor
TCGA-J2-A4AD-01A,27.9923733609105,2,4.0,Tumor
TCGA-MP-A4SV-01A,28.4767862048918,7,2.0,Tumor
TCGA-86-8075-01A,28.5159305627924,2,2.0,Tumor
TCGA-86-8055-01A,28.5370644809136,2,2.0,Tumor
TCGA-69-7978-01A,28.5475111223985,2,2.0,Tumor
TCGA-44-6145-01A,28.6397497162769,2,2.0,Tumor
TCGA-69-7761-01A,28.6643437864436,2,2.0,Tumor
TCGA-55-7914-01A,28.7043516588744,2,2.0,Tumor
TCGA-55-7907-01A,28.7078627271229,2,4.0,Tumor
TCGA-86-7954-01A,28.713974022482,2,1.0,Tumor
TCGA-44-6778-01A,28.7442264551259,2,2.0,Tumor
TCGA-78-7143-01A,28.8250352798675,2,3.0,Tumor
TCGA-86-7953-01A,29.1128575123928,7,2.0,Tumor
TCGA-44-8119-01A,29.1232313432201,7,1.0,Tumor
TCGA-55-8205-01A,29.1810109484518,7,1.0,Tumor
TCGA-50-7109-01A,29.9092793827163,7,4.0,Tumor
TCGA-55-8204-01A,29.9423794483809,2,2.0,Tumor
TCGA-78-7145-01A,29.9670643785852,7,1.0,Tumor
TCGA-50-5946-02A,29.993272586837,2,1.0,Tumor
TCGA-55-6987-01A,29.9964102818781,2,4.0,Tumor
TCGA-50-5939-01A,30.0910944275959,2,2.0,Tumor
TCGA-55-7576-01A,30.2142931167165,2,2.0,Tumor
TCGA-55-8092-01A,30.3905147890992,2,1.0,Tumor
TCGA-50-5932-01A,30.4865646923605,2,1.0,Tumor
TCGA-75-6205-01A,30.5031594772961,2,2.0,Tumor
TCGA-64-1679-01A,30.5088043824682,2,2.0,Tumor
TCGA-44-A4SS-01A,30.5178325689504,2,4.0,Tumor
TCGA-91-6828-01A,30.5310954199518,2,2.0,Tumor
TCGA-44-6775-01A,30.5752980795099,2,2.0,Tumor
TCGA-86-8073-01A,30.6650834213644,2,1.0,Tumor
TCGA-69-7973-01A,30.761397887697,7,1.0,Tumor
TCGA-78-7159-01A,30.7673210289118,7,2.0,Tumor
TCGA-MP-A4SY-01A,31.3392734579833,2,2.0,Tumor
TCGA-75-5125-01A,31.3766814941912,7,2.0,Tumor
TCGA-55-6642-01A,31.4334336106091,2,1.0,Tumor
TCGA-69-7765-01A,31.4359275020221,2,3.0,Tumor
TCGA-78-7158-01A,31.5926887878048,2,2.0,Tumor
TCGA-44-6779-01A,31.6215928547741,2,3.0,Tumor
TCGA-78-7160-01A,31.6734562633143,2,2.0,Tumor
TCGA-55-7995-01A,31.8202127992857,2,4.0,Tumor
TCGA-55-7903-01A,31.9486510416233,2,2.0,Tumor
TCGA-50-5946-01A,31.9615577652285,7,2.0,Tumor
TCGA-78-7148-01A,32.121193481623,2,3.0,Tumor
TCGA-05-4417-01A,32.1309182183359,2,3.0,Tumor
TCGA-55-A48Y-01A,32.4741925838379,7,4.0,Tumor
TCGA-55-7910-01A,32.9623749028576,7,4.0,Tumor
TCGA-95-A4VN-01A,32.9946491585915,2,3.0,Tumor
TCGA-L9-A7SV-01A,33.030034175171,2,4.0,Tumor
TCGA-69-7760-01A,33.1736496035851,7,5.0,Tumor
TCGA-91-6830-01A,33.7648174691579,2,2.0,Tumor
TCGA-05-4396-01A,33.7699227326968,2,2.0,Tumor
TCGA-55-8203-01A,33.8013355464027,2,2.0,Tumor
TCGA-62-8399-01A,33.8126322861023,2,2.0,Tumor
TCGA-62-A470-01A,33.9286590990409,2,4.0,Tumor
TCGA-99-8032-01A,33.9551860296716,2,4.0,Tumor
TCGA-75-6207-01A,34.3336058970738,7,1.0,Tumor
TCGA-55-6982-01A,34.6106885026393,2,3.0,Tumor
TCGA-50-5049-01A,34.6677157328804,2,2.0,Tumor
TCGA-97-7554-01A,34.6784426459811,2,2.0,Tumor
TCGA-50-5930-01A,34.6815866534002,2,3.0,Tumor
TCGA-75-5122-01A,34.695797055013,2,3.0,Tumor
TCGA-44-8117-01A,34.7273578296104,2,2.0,Tumor
TCGA-55-6971-01A,34.7761587051744,2,2.0,Tumor
TCGA-55-6979-01A,34.7815316319142,2,3.0,Tumor
TCGA-44-6774-01A,34.9234150476133,2,2.0,Tumor
TCGA-55-A494-01A,34.9243849632678,2,2.0,Tumor
TCGA-55-6712-01A,34.953217461651,2,2.0,Tumor
TCGA-05-4410-01A,35.0055304362697,2,3.0,Tumor
TCGA-86-6851-01A,35.0106594941378,2,2.0,Tumor
TCGA-62-A46U-01A,35.0203027542652,2,3.0,Tumor
TCGA-NJ-A4YQ-01A,35.0641990049396,2,4.0,Tumor
TCGA-L9-A8F4-01A,35.0924554131632,2,2.0,Tumor
TCGA-44-A47B-01A,35.1877443692716,2,2.0,Tumor
TCGA-38-6178-01A,35.2235306852904,2,1.0,Tumor
TCGA-J2-8194-01A,35.2844583729506,2,1.0,Tumor
TCGA-69-7974-01A,35.3133256545092,2,3.0,Tumor
TCGA-50-6673-01A,35.3344304231965,2,2.0,Tumor
TCGA-62-8402-01A,36.2228595893895,7,2.0,Tumor
TCGA-75-6214-01A,36.2948577276987,7,4.0,Tumor
TCGA-55-6969-01A,36.9232162300577,7,2.0,Tumor
TCGA-93-A4JQ-01A,36.9598612013215,2,3.0,Tumor
TCGA-69-7764-01A,37.0565428960965,2,4.0,Tumor
TCGA-05-5425-01A,37.0674692271153,7,2.0,Tumor
TCGA-91-6848-01A,37.1186894711068,7,1.0,Tumor
TCGA-55-A493-01A,37.1459342616001,7,3.0,Tumor
TCGA-50-6595-01A,37.1555561772802,7,1.0,Tumor
TCGA-L9-A5IP-01A,37.1733828532956,7,2.0,Tumor
TCGA-75-5147-01A,37.2282891135062,7,1.0,Tumor
TCGA-55-6975-01A,37.2928372991054,7,2.0,Tumor
TCGA-86-8358-01A,37.4422985004343,7,2.0,Tumor
TCGA-75-7027-01A,37.5437768224621,7,2.0,Tumor
TCGA-91-6831-01A,37.5523250155492,7,1.0,Tumor
TCGA-86-7711-01A,37.5545939787454,7,5.0,Tumor
TCGA-55-6968-01A,37.5701904826097,7,2.0,Tumor
TCGA-50-6590-01A,37.5707568532516,7,1.0,Tumor
TCGA-75-6211-01A,37.59948103584,7,1.0,Tumor
TCGA-78-7220-01A,37.6466907830988,7,2.0,Tumor
TCGA-64-5775-01A,37.6821001793568,7,1.0,Tumor
TCGA-44-7670-01A,37.6834200021628,7,2.0,Tumor
TCGA-91-6847-01A,37.7500079606753,7,1.0,Tumor
TCGA-95-7562-01A,37.7577480606965,7,2.0,Tumor
TCGA-86-8054-01A,37.7739613369104,7,1.0,Tumor
TCGA-78-7542-01A,37.7844183477665,7,1.0,Tumor
TCGA-99-8033-01A,37.7989568604867,7,2.0,Tumor
TCGA-78-7150-01A,37.8061483295012,7,2.0,Tumor
TCGA-50-5931-01A,37.8175745451451,7,1.0,Tumor
TCGA-80-5611-01A,37.8263805858821,7,2.0,Tumor
TCGA-78-7154-01A,37.8582607016999,7,1.0,Tumor
TCGA-44-5644-01A,37.8656708900235,7,4.0,Tumor
TCGA-73-4676-01A,37.8756662468131,7,3.0,Tumor
TCGA-55-8620-01A,37.9177555605481,7,2.0,Tumor
TCGA-50-5072-01A,37.970018873662,7,2.0,Tumor
TCGA-64-5774-01A,37.9786166752689,7,1.0,Tumor
TCGA-78-7146-01A,37.9920097430866,7,1.0,Tumor
TCGA-50-6594-01A,38.0418650317664,7,2.0,Tumor
TCGA-50-6591-01A,38.0440521866573,7,1.0,Tumor
TCGA-MP-A4TA-01A,38.070871334007,7,2.0,Tumor
TCGA-05-4390-01A,38.093722244578,7,1.0,Tumor
TCGA-53-7624-01A,38.1168631656672,7,1.0,Tumor
TCGA-78-8640-01A,38.1456231737922,7,4.0,Tumor
TCGA-78-7536-01A,38.1536717990837,7,1.0,Tumor
TCGA-44-5643-01A,38.2302328329078,7,1.0,Tumor
TCGA-05-5420-01A,38.2631485212802,7,2.0,Tumor
TCGA-44-7660-01A,38.2941965358213,7,4.0,Tumor
TCGA-55-7913-01B,38.2963564791748,7,4.0,Tumor
TCGA-73-7499-01A,38.3737107691841,7,2.0,Tumor
TCGA-86-6562-01A,38.4122414425871,2,2.0,Tumor
TCGA-73-A9RS-01A,38.4454611021793,7,2.0,Tumor
TCGA-49-6767-01A,38.4506358969601,7,2.0,Tumor
TCGA-95-7043-01A,38.4524232468096,7,5.0,Tumor
TCGA-55-5899-01A,38.5459507205955,7,2.0,Tumor
TCGA-91-6836-01A,38.6896711337106,7,1.0,Tumor
TCGA-53-A4EZ-01A,38.7673072096635,7,5.0,Tumor
TCGA-86-7955-01A,38.8884007248184,7,2.0,Tumor
TCGA-05-4415-01A,38.9215594950455,7,1.0,Tumor
TCGA-49-AAR9-01A,39.0845744292406,7,2.0,Tumor
TCGA-50-5066-01A,39.1238586803029,7,2.0,Tumor
TCGA-38-4632-01A,39.1872731125576,7,2.0,Tumor
TCGA-55-8094-01A,39.2633574924507,7,2.0,Tumor
TCGA-86-A4D0-01A,39.3509802025651,7,4.0,Tumor
TCGA-91-8499-01A,39.3829696236333,7,1.0,Tumor
TCGA-62-A471-01A,39.5735866934221,7,4.0,Tumor
TCGA-55-7570-01A,39.6488722265673,7,1.0,Tumor
TCGA-69-8255-01A,39.6551851926998,7,2.0,Tumor
TCGA-05-5428-01A,39.9935243254048,7,2.0,Tumor
TCGA-55-8208-01A,40.0286850515566,2,4.0,Tumor
TCGA-55-8299-01A,40.0853020786573,2,2.0,Tumor
TCGA-35-5375-01A,40.4325408564127,7,2.0,Tumor
TCGA-44-7667-01A,40.7138570245652,7,1.0,Tumor
TCGA-38-4631-01A,40.7424460779838,7,2.0,Tumor
TCGA-78-7161-01A,40.9721466451116,2,4.0,Tumor
TCGA-55-6985-01A,41.7889020864947,2,4.0,Tumor
TCGA-67-6215-01A,41.8207320137469,2,2.0,Tumor
TCGA-55-7283-01A,42.5374059452728,2,2.0,Tumor
TCGA-MP-A5C7-01A,43.5428263775668,2,4.0,Tumor
TCGA-05-4425-01A,44.8134154337799,2,2.0,Tumor
TCGA-75-5126-01A,44.9736843869608,2,3.0,Tumor
TCGA-MP-A4T4-01A,45.348159321661,2,2.0,Tumor
TCGA-55-8614-01A,45.3832934350292,2,2.0,Tumor
TCGA-86-8669-01A,45.4564491942902,2,2.0,Tumor
TCGA-75-5146-01A,45.4993131801051,2,2.0,Tumor
TCGA-69-7980-01A,46.7230594306503,3,3.0,Tumor
TCGA-73-4658-01A,46.7948610392436,6,2.0,Tumor
TCGA-L9-A443-01A,46.8118605461658,3,3.0,Tumor
TCGA-80-5607-01A,46.8213748776536,6,2.0,Tumor
TCGA-55-6984-01A,47.0989471938487,6,4.0,Tumor
TCGA-64-5815-01A,47.4809680211092,6,2.0,Tumor
TCGA-44-7671-01A,47.4839717485811,6,2.0,Tumor
TCGA-55-6981-01A,47.5886798755427,6,4.0,Tumor
TCGA-62-A46V-01A,48.4695417020892,6,2.0,Tumor
TCGA-MN-A4N5-01A,48.6039269260401,6,3.0,Tumor
TCGA-97-8179-01A,48.6732952708504,6,4.0,Tumor
TCGA-MP-A4TI-01A,48.7288009861013,6,3.0,Tumor
TCGA-55-A48Z-01A,48.7386013808715,6,3.0,Tumor
TCGA-55-8301-01A,48.9192055646196,6,2.0,Tumor
TCGA-55-6983-01A,48.9217204147195,3,2.0,Tumor
TCGA-71-8520-01A,49.0302291968807,6,2.0,Tumor
TCGA-55-6986-01A,49.0525815322428,3,1.0,Tumor
TCGA-MP-A4TK-01A,49.0796295530022,6,3.0,Tumor
TCGA-NJ-A55R-01A,49.1735423991034,6,5.0,Tumor
TCGA-78-7152-01A,49.2297633735329,6,2.0,Tumor
TCGA-55-8505-01A,49.2667219707854,6,3.0,Tumor
TCGA-05-5423-01A,49.4249520545795,6,2.0,Tumor
TCGA-97-A4M3-01A,49.8469224037574,6,2.0,Tumor
TCGA-44-A47A-01A,50.1981592588456,6,2.0,Tumor
TCGA-95-A4VK-01A,50.2057827006987,3,3.0,Tumor
TCGA-L9-A743-01A,50.3055373014983,3,2.0,Tumor
TCGA-97-8171-01A,50.4349544389536,6,4.0,Tumor
TCGA-78-7539-01A,50.6466074010671,6,2.0,Tumor
TCGA-44-7672-01A,50.908591714942,6,3.0,Tumor
TCGA-91-A4BC-01A,51.3384343063719,6,5.0,Tumor
TCGA-78-8655-01A,51.4415912409288,6,3.0,Tumor
TCGA-93-A4JO-01A,51.4925097158774,6,3.0,Tumor
TCGA-50-6593-01A,51.5614818351539,6,3.0,Tumor
TCGA-97-8175-01A,51.5863460447062,6,3.0,Tumor
TCGA-44-8120-01A,51.6854985118884,3,2.0,Tumor
TCGA-95-8039-01A,51.7432250811917,3,3.0,Tumor
TCGA-NJ-A4YG-01A,52.2062466367064,6,3.0,Tumor
TCGA-MP-A4TC-01A,52.3915159675797,6,3.0,Tumor
TCGA-MN-A4N4-01A,52.424680314296,6,4.0,Tumor
TCGA-NJ-A4YP-01A,52.4518216287398,6,2.0,Tumor
TCGA-55-8090-01A,52.4856588650933,3,3.0,Tumor
TCGA-55-8507-01A,52.4983530536323,6,4.0,Tumor
TCGA-05-5715-01A,52.5101271088485,6,3.0,Tumor
TCGA-64-1681-01A,52.5125171603915,3,2.0,Tumor
TCGA-NJ-A4YI-01A,52.5647679944889,3,2.0,Tumor
TCGA-86-8279-01A,52.6011164547024,6,1.0,Tumor
TCGA-78-7537-01A,52.6631788740327,3,2.0,Tumor
TCGA-NJ-A7XG-01A,52.7290688514887,3,4.0,Tumor
TCGA-91-8496-01A,52.7467691024105,3,5.0,Tumor
TCGA-L9-A444-01A,52.8263845810446,6,4.0,Tumor
TCGA-NJ-A55O-01A,52.8565831892923,3,4.0,Tumor
TCGA-86-8359-01A,53.2238801324962,6,2.0,Tumor
TCGA-67-6216-01A,53.388343223339,3,3.0,Tumor
TCGA-78-7540-01A,53.5911353314967,3,4.0,Tumor
TCGA-44-6776-01A,53.6187525092829,3,2.0,Tumor
TCGA-44-A4SU-01A,53.6909297794271,3,5.0,Tumor
TCGA-55-8511-01A,53.8641903198915,6,3.0,Tumor
TCGA-99-8025-01A,53.936251807743,6,3.0,Tumor
TCGA-50-5055-01A,54.3537780510434,6,2.0,Tumor
TCGA-78-7163-01A,54.4047599499718,6,2.0,Tumor
TCGA-86-A456-01A,54.4143453177965,3,3.0,Tumor
TCGA-99-8028-01A,54.4384937895641,6,3.0,Tumor
TCGA-97-8547-01A,54.4483226844791,6,3.0,Tumor
TCGA-55-8510-01A,54.4783669763492,6,5.0,Tumor
TCGA-MP-A4SW-01A,54.5111102439297,6,4.0,Tumor
TCGA-55-8508-01A,54.5778658297546,6,4.0,Tumor
TCGA-49-AARN-01A,55.1904532206367,6,4.0,Tumor
TCGA-78-7147-01A,55.2086608663114,6,2.0,Tumor
TCGA-97-8177-01A,55.7841913693078,6,3.0,Tumor
TCGA-62-A46Y-01A,56.2569856154563,3,3.0,Tumor
TCGA-69-8253-01A,56.322579550028,6,2.0,Tumor
TCGA-L9-A50W-01A,56.3740259283921,3,3.0,Tumor
TCGA-49-AARO-01A,56.4265555457624,6,4.0,Tumor
TCGA-55-8616-01A,56.4359273102035,6,4.0,Tumor
TCGA-50-8460-01A,56.4959981194263,3,3.0,Tumor
TCGA-55-7281-01A,56.5135803363983,6,3.0,Tumor
TCGA-91-6849-01A,57.278228615393,3,2.0,Tumor
TCGA-93-8067-01A,57.2953126348897,6,2.0,Tumor
TCGA-62-8397-01A,57.3082856876243,3,5.0,Tumor
TCGA-55-7728-01A,57.3085357066055,3,5.0,Tumor
TCGA-91-A4BD-01A,57.3776178827397,6,5.0,Tumor
TCGA-62-8398-01A,57.4049462251812,6,2.0,Tumor
TCGA-93-7347-01A,57.903003914956,3,3.0,Tumor
TCGA-55-6980-01A,57.915766586805,3,2.0,Tumor
TCGA-55-6543-01A,57.9303462225274,3,3.0,Tumor
TCGA-97-A4M6-01A,57.9305962415087,3,3.0,Tumor
TCGA-86-8280-01A,57.9308462604899,3,2.0,Tumor
TCGA-75-6212-01A,57.9657845561127,3,3.0,Tumor
TCGA-78-8648-01A,58.1027429848444,3,3.0,Tumor
TCGA-69-8453-01A,58.1207054898967,3,3.0,Tumor
TCGA-49-4487-01A,58.2540290605424,6,3.0,Tumor
TCGA-55-8096-01A,58.2949549935212,3,4.0,Tumor
TCGA-44-7662-01A,58.3817366194047,6,2.0,Tumor
TCGA-86-A4JF-01A,58.4297370636742,6,3.0,Tumor
TCGA-55-8085-01A,58.4552573142958,6,2.0,Tumor
TCGA-75-7031-01A,58.5692917428683,6,4.0,Tumor
TCGA-MP-A4T7-01A,58.6028562278615,6,4.0,Tumor
TCGA-95-7948-01A,58.6248076759936,6,1.0,Tumor
TCGA-49-6742-01A,58.7026226229055,6,4.0,Tumor
TCGA-62-8395-01A,58.7428336759484,3,3.0,Tumor
TCGA-49-6761-01A,58.7475196837021,6,3.0,Tumor
TCGA-50-5068-01A,58.7848501845253,6,2.0,Tumor
TCGA-38-A44F-01A,58.7881376882195,3,3.0,Tumor
TCGA-95-7567-01A,58.7980168755839,6,1.0,Tumor
TCGA-MP-A4T9-01A,58.8102023035282,3,3.0,Tumor
TCGA-L4-A4E5-01A,58.8137240237933,6,5.0,Tumor
TCGA-05-5429-01A,58.8686987928188,6,2.0,Tumor
TCGA-44-A47G-01A,58.9107352825347,3,4.0,Tumor
TCGA-71-6725-01A,58.9388915482432,6,2.0,Tumor
TCGA-49-AAR4-01A,58.9492989387784,6,4.0,Tumor
TCGA-55-A490-01A,58.9575325853816,6,4.0,Tumor
TCGA-62-8394-01A,58.997147269813,6,3.0,Tumor
TCGA-MP-A4T8-01A,59.0007503152289,6,4.0,Tumor
TCGA-78-7153-01A,59.0297066671565,6,4.0,Tumor
TCGA-50-5045-01A,59.0669713203644,6,2.0,Tumor
TCGA-80-5608-01A,59.0803013874764,6,3.0,Tumor
TCGA-55-8615-01A,59.1279545269337,6,4.0,Tumor
TCGA-95-7039-01A,59.178561600772,6,2.0,Tumor
TCGA-55-8506-01A,59.2104048781034,6,2.0,Tumor
TCGA-69-7979-01A,59.2473469193152,6,3.0,Tumor
TCGA-MP-A4TD-01A,59.2621060198988,6,4.0,Tumor
TCGA-78-7149-01A,59.2746630408952,6,4.0,Tumor
TCGA-55-6972-01A,59.3412933857305,6,2.0,Tumor
TCGA-95-7944-01A,59.4355344565677,6,4.0,Tumor
TCGA-50-5051-01A,59.4508034514198,6,4.0,Tumor
TCGA-55-8302-01A,59.4560388030278,6,3.0,Tumor
TCGA-O1-A52J-01A,59.4649867734933,3,2.0,Tumor
TCGA-78-8660-01A,59.5131880548662,6,3.0,Tumor
TCGA-97-8176-01A,59.525318537356,6,3.0,Tumor
TCGA-86-8281-01A,59.5584846081228,3,2.0,Tumor
TCGA-49-4512-01A,59.5831202152685,6,5.0,Tumor
TCGA-93-A4JN-01A,59.661651975159,3,2.0,Tumor
TCGA-49-4488-01A,59.68785677492,6,1.0,Tumor
TCGA-49-4490-01A,59.8098481909794,6,3.0,Tumor
TCGA-86-8585-01A,59.8380822397741,6,4.0,Tumor
TCGA-49-AAQV-01A,59.8572001353157,6,4.0,Tumor
TCGA-55-A491-01A,59.9382738107767,6,4.0,Tumor
TCGA-49-AAR3-01A,60.0885429801384,6,4.0,Tumor
TCGA-50-5935-01A,60.1438678905624,3,2.0,Tumor
TCGA-97-A4LX-01A,60.2690838133688,3,2.0,Tumor
TCGA-64-5778-01A,60.2963411472445,6,3.0,Tumor
TCGA-78-7633-01A,60.3059125132365,3,2.0,Tumor
TCGA-95-A4VP-01A,60.3159580705629,6,5.0,Tumor
TCGA-95-8494-01A,60.3342983938204,6,2.0,Tumor
TCGA-86-8076-01A,60.336214181542,3,2.0,Tumor
TCGA-55-8514-01A,60.3846308213721,6,4.0,Tumor
TCGA-05-4405-01A,60.4119233510697,3,2.0,Tumor
TCGA-86-8278-01A,60.437490216077,3,1.0,Tumor
TCGA-49-6744-01A,60.4633045229066,3,3.0,Tumor
TCGA-78-7167-01A,60.5165591988294,3,2.0,Tumor
TCGA-86-8672-01A,60.6072732176994,6,2.0,Tumor
TCGA-62-A46P-01A,60.6756786689345,6,4.0,Tumor
TCGA-50-8459-01A,60.726957832621,3,3.0,Tumor
TCGA-93-7348-01A,60.7274578705834,3,4.0,Tumor
TCGA-49-AAR0-01A,60.7338436986091,6,3.0,Tumor
TCGA-73-7498-01A,60.7454582525172,3,2.0,Tumor
TCGA-MP-A4TE-01A,60.8971116345091,6,4.0,Tumor
TCGA-97-A4M5-01A,60.9063802957244,3,3.0,Tumor
TCGA-78-8662-01A,60.9722755479884,6,1.0,Tumor
TCGA-50-5044-01A,61.0081873178735,6,3.0,Tumor
TCGA-49-AARE-01A,61.0370214468161,6,4.0,Tumor
TCGA-62-A46S-01A,61.0762491080836,3,4.0,Tumor
TCGA-86-8674-01A,61.1119168830743,6,2.0,Tumor
TCGA-49-AARQ-01A,61.2228253145058,6,5.0,Tumor
TCGA-86-8673-01A,61.3259502215622,6,3.0,Tumor
TCGA-64-5781-01A,61.3929612838094,6,2.0,Tumor
TCGA-86-A4P7-01A,61.4737606328936,3,3.0,Tumor
TCGA-MN-A4N1-01A,61.4972750131353,6,4.0,Tumor
TCGA-78-7166-01A,61.500714363661,6,5.0,Tumor
TCGA-55-A492-01A,61.5305262392536,6,2.0,Tumor
TCGA-NJ-A4YF-01A,61.5527102376514,6,5.0,Tumor
TCGA-50-6597-01A,61.641285612099,6,3.0,Tumor
TCGA-38-4632-11A,61.73230096219,3,5.0,Normal
TCGA-78-7535-01A,61.749430841532,6,5.0,Tumor
TCGA-4B-A93V-01A,61.8961987596559,6,4.0,Tumor
TCGA-49-AAR2-01A,62.8103904495707,6,5.0,Tumor
TCGA-69-7763-01A,63.0018934505372,5,3.0,Tumor
TCGA-49-4514-01A,63.0360652667536,6,5.0,Tumor
TCGA-38-7271-01A,63.37291193826,5,3.0,Tumor
TCGA-55-A48X-01A,63.5206410133209,5,2.0,Tumor
TCGA-97-A4M0-01A,63.7271029899276,5,2.0,Tumor
TCGA-78-7162-01A,63.761706752351,4,3.0,Tumor
TCGA-75-6206-01A,63.9374755976181,4,2.0,Tumor
TCGA-67-6217-01A,63.9504507692057,4,2.0,Tumor
TCGA-44-7659-01A,64.0113088497431,5,4.0,Tumor
TCGA-97-A4M7-01A,64.1182701560769,5,3.0,Tumor
TCGA-55-8621-01A,64.1719799507173,4,3.0,Tumor
TCGA-69-8254-01A,64.2018336263684,4,2.0,Tumor
TCGA-67-4679-01B,64.4213528797463,4,4.0,Tumor
TCGA-55-8512-01A,64.5524010574744,4,4.0,Tumor
TCGA-44-2668-11A,64.5724750674906,4,3.0,Normal
TCGA-49-6745-11A,64.6454967143861,5,3.0,Normal
TCGA-55-8097-01A,64.8787693816296,5,2.0,Tumor
TCGA-S2-AA1A-01A,64.8936510648972,5,2.0,Tumor
TCGA-86-8671-01A,64.9488677241812,5,3.0,Tumor
TCGA-73-4676-11A,65.2472870131841,5,3.0,Normal
TCGA-97-7941-01A,65.3136007962789,5,3.0,Tumor
TCGA-97-A4M2-01A,65.4789682953175,5,5.0,Tumor
TCGA-55-8619-01A,65.6002351307319,5,5.0,Tumor
TCGA-91-8497-01A,65.6150574141042,5,3.0,Tumor
TCGA-97-A4M1-01A,65.8522603254199,5,3.0,Tumor
TCGA-99-AA5R-01A,65.855800344284,5,3.0,Tumor
TCGA-97-8552-01A,66.0460396755602,5,5.0,Tumor
TCGA-MP-A4TJ-01A,66.548250453165,4,2.0,Tumor
TCGA-49-AARR-01A,66.5503685470675,4,4.0,Tumor
TCGA-55-8091-01A,67.0028682829481,4,3.0,Tumor
TCGA-55-7227-01A,67.3309423120626,4,3.0,Tumor
TCGA-44-2665-11A,67.335238569992,4,3.0,Normal
TCGA-78-7156-01A,67.6164416900113,4,2.0,Tumor
TCGA-44-6777-01A,67.7174681798742,4,2.0,Tumor
TCGA-05-4433-01A,67.7649311582615,4,4.0,Tumor
TCGA-J2-A4AG-01A,67.9134649150716,4,2.0,Tumor
TCGA-55-7574-01A,68.5760647715436,4,2.0,Tumor
TCGA-05-4384-01A,68.6870888861969,4,1.0,Tumor
TCGA-55-A57B-01A,68.7705509623412,4,3.0,Tumor
TCGA-97-7547-01A,69.0091169850522,4,2.0,Tumor
TCGA-50-5944-01A,69.0398546528555,4,2.0,Tumor
TCGA-44-2666-01A,69.0552435214107,4,2.0,Tumor
TCGA-55-8207-01A,69.0566011202918,4,3.0,Tumor
TCGA-91-6835-01A,69.0882446381147,4,2.0,Tumor
TCGA-55-A4DG-01A,69.1815234496335,4,5.0,Tumor
TCGA-55-8087-01A,69.1973841002062,4,2.0,Tumor
TCGA-J2-A4AE-01A,69.1989670591916,4,5.0,Tumor
TCGA-93-A4JP-01A,69.2375209166566,4,3.0,Tumor
TCGA-MP-A4TH-01A,69.31871885564,4,2.0,Tumor
TCGA-53-7626-01A,69.324017367149,4,2.0,Tumor
TCGA-91-7771-01A,69.3708993944872,4,2.0,Tumor
TCGA-75-7030-01A,69.4658849163445,4,2.0,Tumor
TCGA-97-7553-01A,69.5810770970267,4,3.0,Tumor
TCGA-75-7025-01A,69.6086817256272,4,4.0,Tumor
TCGA-55-7284-01B,69.6164307680376,4,2.0,Tumor
TCGA-50-8457-01A,69.6192101011763,4,3.0,Tumor
TCGA-J2-8192-01A,69.7422155162829,4,2.0,Tumor
TCGA-75-6203-01A,69.7558457644122,4,5.0,Tumor
TCGA-NJ-A55A-01A,69.7636161568095,4,3.0,Tumor
TCGA-L4-A4E6-01A,69.9301407876589,4,5.0,Tumor
TCGA-55-7573-01A,69.9742358099179,4,2.0,Tumor
TCGA-86-8056-01A,70.0170090112738,4,2.0,Tumor
TCGA-97-8172-01A,70.0957845565708,4,3.0,Tumor
TCGA-99-7458-01A,70.0980404474263,4,2.0,Tumor
TCGA-44-6147-01A,70.1199337630141,4,2.0,Tumor
TCGA-55-8206-01A,70.1280409697954,4,3.0,Tumor
TCGA-55-8513-01A,70.1650323704995,4,3.0,Tumor
TCGA-44-6146-01A,70.1951892128429,4,2.0,Tumor
TCGA-86-7714-01A,70.3175413466614,4,4.0,Tumor
TCGA-97-8174-01A,70.4104673472157,4,4.0,Tumor
TCGA-50-5930-11A,70.6819418648261,4,3.0,Normal
TCGA-97-7938-01A,70.6982314820728,4,2.0,Tumor
TCGA-44-6144-11A,70.7286849060395,4,5.0,Normal
TCGA-44-5645-11A,70.7820727156852,4,3.0,Normal
TCGA-44-2662-11A,70.7889726173429,4,3.0,Normal
TCGA-50-5942-01A,70.8274205962224,4,4.0,Tumor
TCGA-44-6145-11A,70.892940489667,4,3.0,Normal
TCGA-44-6148-01A,70.9723698795633,4,2.0,Tumor
TCGA-44-2655-11A,71.0078272283553,4,3.0,Normal
TCGA-97-7552-01A,71.0270905887888,4,2.0,Tumor
TCGA-55-7816-01A,71.0276100148906,4,3.0,Tumor
TCGA-97-7546-01A,71.0698780079499,4,2.0,Tumor
TCGA-50-5931-11A,71.4162662294544,4,3.0,Normal
TCGA-44-6147-11A,71.5018764872438,4,2.0,Normal
TCGA-44-5645-01A,71.570394311746,4,2.0,Tumor
TCGA-86-A4P8-01A,71.6934140918228,4,3.0,Tumor
TCGA-50-5935-11A,71.9235628852254,4,3.0,Normal
TCGA-50-5933-11A,72.3710927011706,4,3.0,Normal
TCGA-50-5936-11A,72.5328050705074,4,3.0,Normal
TCGA-44-6778-11A,72.5709591824204,4,3.0,Normal
TCGA-44-6148-11A,72.6009462524238,4,3.0,Normal
TCGA-50-5932-11A,72.6348920523624,4,3.0,Normal
TCGA-50-5939-11A,72.7375395995105,4,3.0,Normal
TCGA-44-6146-11A,72.9247485760055,4,3.0,Normal
